Daria,884512852,/hello
Daria,884512852,/time
Daria,884512852,/hello
Daria,884512852,/help
Daria,884512852,/help
Daria,884512852,/time
Daria,884512852,/time
Daria,884512852,/hello
Daria,884512852,/help
Daria,884512852,/hello
Daria,884512852,/hello
Daria,884512852,/time
Daria,884512852,/hello
Daria,884512852,/time
Daria,884512852,/help
Daria,884512852,/hello
Daria,884512852,/help
Daria,884512852,/help
Daria,884512852,/help
Daria,884512852,/time
Daria,884512852,/time
Daria,884512852,/help
Daria,884512852,/time
Daria,884512852,/help
Daria,884512852,/hello
Daria,884512852,/hello
Daria,884512852,/help
Daria,884512852,/time
Daria,884512852,/time
